"observed_scientific_name","valid_scientific_name","rank","vernacular_fr","kingdom","phylum","class","order","family","genus","species"
"Cryptacanthodes maculatus","Cryptacanthodes maculatus","species","Terrassier tacheté","Animalia","Chordata","Teleostei","Perciformes","Cryptacanthodidae","Cryptacanthodes","Cryptacanthodes maculatus"
"Lumpenus lampretaeformis","Lumpenus lampretaeformis","species","Lompénie-serpent","Animalia","Chordata","Teleostei","Perciformes","Stichaeidae","Lumpenus","Lumpenus lampretaeformis"
"Osmerus mordax","Osmerus mordax","species","Éperlan arc-en-ciel","Animalia","Chordata","Teleostei","Osmeriformes","Osmeridae","Osmerus","Osmerus mordax"
"Apeltes quadracus","Apeltes quadracus","species","Épinoche à quatre épines","Animalia","Chordata","Teleostei","Gasterosteiformes","Gasterosteidae","Apeltes","Apeltes quadracus"
"Lithobates palustris","Lithobates palustris","species","Grenouille des marais","Animalia","Chordata","Amphibia","Anura","Ranidae","Lithobates","Lithobates palustris"
"Notophthalmus viridescens","Notophthalmus viridescens","species","Triton vert","Animalia","Chordata","Amphibia","Caudata","Salamandridae","Notophthalmus","Notophthalmus viridescens"
"Cygnus columbianus","Cygnus columbianus","species","Cygne siffleur","Animalia","Chordata","Aves","Anseriformes","Anatidae","Cygnus","Cygnus columbianus"
"Sterna dougallii dougallii","Sterna dougallii dougallii","subspecies","","Animalia","Chordata","Aves","Charadriiformes","Laridae","Sterna","Sterna dougallii"
"Sterna dougallii","Sterna dougallii","species","Sterne de dougall","Animalia","Chordata","Aves","Charadriiformes","Laridae","Sterna","Sterna dougallii"
"Sterna hirundo","Sterna hirundo","species","Sterne pierregarin","Animalia","Chordata","Aves","Charadriiformes","Laridae","Sterna","Sterna hirundo"
"Sterna hirundo hirundo","Sterna hirundo hirundo","subspecies","","Animalia","Chordata","Aves","Charadriiformes","Laridae","Sterna","Sterna hirundo"
"Sterna paradisaea","Sterna paradisaea","species","Sterne arctique","Animalia","Chordata","Aves","Charadriiformes","Laridae","Sterna","Sterna paradisaea"
"Eumesogrammus praecisus","Eumesogrammus praecisus","species","Quatre-lignes Atlantique","Animalia","Chordata","Teleostei","Perciformes","Stichaeidae","Eumesogrammus","Eumesogrammus praecisus"
"Acipenser oxyrinchus","Acipenser","genus","","Animalia","Chordata","Chondrostei","Acipenseriformes","Acipenseridae","Acipenser","Acipenser oxyrinchus"
"Acipenser oxyrinchus oxyrinchus","Acipenser oxyrinchus","species","Esturgeon noir","Animalia","Chordata","Chondrostei","Acipenseriformes","Acipenseridae","Acipenser","Acipenser oxyrinchus"
"Liopsetta putnami","Liopsetta putnami","species","Plie lisse","Animalia","Chordata","Teleostei","Pleuronectiformes","Pleuronectidae","Liopsetta","Pleuronectes putnami"
"Alopias vulpinus","Alopias vulpinus","species","Renard marin","Animalia","Chordata","Elasmobranchii","Lamniformes","Alopiidae","Alopias","Alopias vulpinus"
"Lithobates pipiens","Lithobates pipiens","species","Grenouille léopard","Animalia","Chordata","Amphibia","Anura","Ranidae","Lithobates","Lithobates pipiens"
"Lithobates sylvaticus","Lithobates sylvaticus","species","Grenouille des bois","Animalia","Chordata","Amphibia","Anura","Ranidae","Lithobates","Lithobates sylvaticus"
"Pseudacris crucifer","Pseudacris crucifer","species","Rainette crucifère","Animalia","Chordata","Amphibia","Anura","Hylidae","Pseudacris","Pseudacris crucifer"
"Dryophytes versicolor","Dryophytes versicolor","species","","Animalia","Chordata","Amphibia","Anura","Hylidae","Dryophytes","Dryophytes versicolor"
"Anaxyrus americanus","Anaxyrus americanus","species","Crapaud d'amérique","Animalia","Chordata","Amphibia","Anura","Bufonidae","Anaxyrus","Anaxyrus americanus"
"Lithobates clamitans","Lithobates clamitans","species","","Animalia","Chordata","Amphibia","Anura","Ranidae","Lithobates","Lithobates clamitans"
"Lithobates catesbeianus","Lithobates catesbeianus","species","Grenouille-taureau","Animalia","Chordata","Amphibia","Anura","Ranidae","Lithobates","Lithobates catesbeianus"
"Delphinapterus leucas","Delphinapterus leucas","species","Béluga","Animalia","Chordata","Mammalia","Cetacea","Monodontidae","Delphinapterus","Delphinapterus leucas"
"Acipenser brevirostrum","Acipenser","genus","Esturgeon à museau court","Animalia","Chordata","Chondrostei","Acipenseriformes","Acipenseridae","Acipenser","Acipenser brevirostrum"
"Acipenser fulvescens","Acipenser fulvescens","species","Esturgeon jaune","Animalia","Chordata","Chondrostei","Acipenseriformes","Acipenseridae","Acipenser","Acipenser fulvescens"
"Falco peregrinus anatum","Falco peregrinus anatum","subspecies","","Animalia","Chordata","Aves","Falconiformes","Falconidae","Falco","Falco peregrinus"
"Falco peregrinus","Falco peregrinus","species","Faucon pèlerin","Animalia","Chordata","Aves","Falconiformes","Falconidae","Falco","Falco peregrinus"
"Desmognathus fuscus fuscus","Desmognathus fuscus","species","","Animalia","Chordata","Amphibia","Caudata","Plethodontidae","Desmognathus","Desmognathus fuscus"
"Desmognathus fuscus","Desmognathus fuscus","species","","Animalia","Chordata","Amphibia","Caudata","Plethodontidae","Desmognathus","Desmognathus fuscus"
"Eubalaena glacialis","Eubalaena glacialis","species","Baleine noire","Animalia","Chordata","Mammalia","Cetacea","Balaenidae","Eubalaena","Eubalaena glacialis"
"Carcharodon carcharias","Carcharodon carcharias","species","Requin blanc","Animalia","Chordata","Elasmobranchii","Lamniformes","Lamnidae","Carcharodon","Carcharodon carcharias"
"Ammodytes dubius","Ammodytes dubius","species","Lançon du Nord","Animalia","Chordata","Teleostei","Perciformes","Ammodytidae","Ammodytes","Ammodytes dubius"
"Amblyraja radiata","Amblyraja radiata","species","Raie épineuse","Animalia","Chordata","Elasmobranchii","Rajiformes","Rajidae","Amblyraja","Amblyraja radiata"
"Alosa sapidissima","Alosa sapidissima","species","Alose savoureuse","Animalia","Chordata","Teleostei","Clupeiformes","Clupeidae","Alosa","Alosa sapidissima"
"Alosa pseudoharengus","Alosa pseudoharengus","species","Gaspareau","Animalia","Chordata","Teleostei","Clupeiformes","Clupeidae","Alosa","Alosa pseudoharengus"
"Anarhichas minor","Anarhichas minor","species","Loup tacheté","Animalia","Chordata","Teleostei","Perciformes","Anarhichadidae","Anarhichas","Anarhichas minor"
"Anarhichas lupus","Anarhichas lupus","species","Loup Atlantique","Animalia","Chordata","Teleostei","Perciformes","Anarhichadidae","Anarhichas","Anarhichas lupus"
"Anarhichas denticulatus","Anarhichas denticulatus","species","Loup gélatineux","Animalia","Chordata","Teleostei","Perciformes","Anarhichadidae","Anarhichas","Anarhichas denticulatus"
"Artediellus uncinatus","Artediellus uncinatus","species","Hameçon neigeux","Animalia","Chordata","Teleostei","Scorpaeniformes","Cottidae","Artediellus","Artediellus uncinatus"
"Centroscyllium fabricii","Centroscyllium fabricii","species","Aiguillat noir","Animalia","Chordata","Elasmobranchii","Squaliformes","Etmopteridae","Centroscyllium","Centroscyllium fabricii"
"Boreogadus saida","Boreogadus saida","species","Saida franc","Animalia","Chordata","Teleostei","Gadiformes","Gadidae","Boreogadus","Boreogadus saida"
"Aspidophoroides monopterygius","Aspidophoroides monopterygius","species","Poisson-alligator Atlantique","Animalia","Chordata","Teleostei","Scorpaeniformes","Agonidae","Aspidophoroides","Aspidophoroides monopterygius"
"Cottunculus microps","Cottunculus microps","species","Cotte polaire","Animalia","Chordata","Teleostei","Scorpaeniformes","Psychrolutidae","Cottunculus","Cottunculus microps"
"Clupea harengus","Clupea harengus","species","Hareng Atlantique","Animalia","Chordata","Teleostei","Clupeiformes","Clupeidae","Clupea","Clupea harengus"
"Enchelyopus cimbrius","Enchelyopus cimbrius","species","Motelle à quatre barbillons","Animalia","Chordata","Teleostei","Gadiformes","Lotidae","Enchelyopus","Enchelyopus cimbrius"
"Cyclopterus lumpus","Cyclopterus lumpus","species","Grosse poule de mer","Animalia","Chordata","Teleostei","Scorpaeniformes","Cyclopteridae","Cyclopterus","Cyclopterus lumpus"
"Nezumia bairdii","Nezumia bairdii","species","","Animalia","Chordata","Teleostei","Gadiformes","Macrouridae","Nezumia","Nezumia bairdii"
"Ardenna gravis","Puffinus gravis","species","Puffin majeur","Animalia","Chordata","Aves","Procellariiformes","Procellariidae","Puffinus","Puffinus gravis"
"Myxine glutinosa","Myxine glutinosa","species","Myxine du Nord","Animalia","Chordata","Myxini","Myxiniformes","Myxinidae","Myxine","Myxine glutinosa"
"Myoxocephalus scorpius","Myoxocephalus scorpius","species","Chaboisseau à épines courtes","Animalia","Chordata","Teleostei","Scorpaeniformes","Cottidae","Myoxocephalus","Myoxocephalus scorpius"
"Myoxocephalus scorpioides","Myoxocephalus scorpioides","species","Chaboisseau arctique","Animalia","Chordata","Teleostei","Scorpaeniformes","Cottidae","Myoxocephalus","Myoxocephalus scorpioides"
"Myoxocephalus octodecemspinosus","Myoxocephalus octodecemspinosus","species","Chaboisseau à dix-huit épines","Animalia","Chordata","Teleostei","Scorpaeniformes","Cottidae","Myoxocephalus","Myoxocephalus octodecemspinosus"
"Merluccius bilinearis","Merluccius bilinearis","species","Merlu argenté","Animalia","Chordata","Teleostei","Gadiformes","Merlucciidae","Merluccius","Merluccius bilinearis"
"Melanostigma atlanticum","Melanostigma atlanticum","species","Mollasse Atlantique","Animalia","Chordata","Teleostei","Perciformes","Zoarcidae","Melanostigma","Melanostigma atlanticum"
"Melanogrammus aeglefinus","Melanogrammus aeglefinus","species","Aiglefin","Animalia","Chordata","Teleostei","Gadiformes","Gadidae","Melanogrammus","Melanogrammus aeglefinus"
"Mallotus villosus","Mallotus villosus","species","Capelan","Animalia","Chordata","Teleostei","Osmeriformes","Osmeridae","Mallotus","Mallotus villosus"
"Malacoraja senta","Malacoraja senta","species","Raie à queue de velours","Animalia","Chordata","Chondrichthyes","Rajiformes","Rajidae","Malacoraja","Malacoraja senta"
"Lophius americanus","Lophius americanus","species","Baudroie d'amérique","Animalia","Chordata","Teleostei","Lophiiformes","Lophiidae","Lophius","Lophius americanus"
"Myzopsetta ferruginea","Limanda","genus","","Animalia","Chordata","Teleostei","Pleuronectiformes","Pleuronectidae","Limanda","Limanda ferruginea"
"Leucoraja ocellata","Leucoraja ocellata","species","Raie tachetée","Animalia","Chordata","Elasmobranchii","Rajiformes","Rajidae","Leucoraja","Leucoraja ocellata"
"Leptoclinus maculatus","Leptoclinus maculatus","species","Lompénie tachetée","Animalia","Chordata","Teleostei","Perciformes","Stichaeidae","Leptoclinus","Leptoclinus maculatus"
"Leptagonus decagonus","Leptagonus decagonus","species","Agone Atlantique","Animalia","Chordata","Teleostei","Scorpaeniformes","Agonidae","Leptagonus","Leptagonus decagonus"
"Icelus spatula","Icelus gilberti","species","Icèle spatulée","Animalia","Chordata","Teleostei","Scorpaeniformes","Cottidae","Icelus","Icelus gilberti"
"Hippoglossus hippoglossus","Hippoglossus hippoglossus","species","Flétan Atlantique","Animalia","Chordata","Teleostei","Pleuronectiformes","Pleuronectidae","Hippoglossus","Hippoglossus hippoglossus"
"Hippoglossoides platessoides","Hippoglossoides platessoides","species","Plie canadienne","Animalia","Chordata","Teleostei","Pleuronectiformes","Pleuronectidae","Hippoglossoides","Hippoglossoides platessoides"
"Rissa tridactyla","Rissa tridactyla","species","Mouette tridactyle","Animalia","Chordata","Aves","Charadriiformes","Laridae","Rissa","Rissa tridactyla"
"Hemitripterus americanus","Hemitripterus americanus","species","Hémitriptère Atlantique","Animalia","Chordata","Teleostei","Scorpaeniformes","Hemitripteridae","Hemitripterus","Hemitripterus americanus"
"Gymnocanthus tricuspis","Gymnocanthus tricuspis","species","Tricorne arctique","Animalia","Chordata","Teleostei","Scorpaeniformes","Cottidae","Gymnocanthus","Gymnocanthus tricuspis"
"Gymnelus viridis","Gymnelus viridis","species","Unernak caméléon","Animalia","Chordata","Teleostei","Perciformes","Zoarcidae","Gymnelus","Gymnelus viridis"
"Glyptocephalus cynoglossus","Glyptocephalus cynoglossus","species","Plie grise","Animalia","Chordata","Teleostei","Pleuronectiformes","Pleuronectidae","Glyptocephalus","Glyptocephalus cynoglossus"
"Gasterosteus aculeatus aculeatus","Gasterosteus aculeatus","species","","Animalia","Chordata","Teleostei","Gasterosteiformes","Gasterosteidae","Gasterosteus","Gasterosteus aculeatus"
"Gasterosteus aculeatus","Gasterosteus aculeatus","species","Épinoche à trois épines","Animalia","Chordata","Teleostei","Gasterosteiformes","Gasterosteidae","Gasterosteus","Gasterosteus aculeatus"
"Gadus morhua","Gadus morhua","species","Morue de l'atlantique","Animalia","Chordata","Teleostei","Gadiformes","Gadidae","Gadus","Gadus morhua"
"Eumicrotremus spinosus","Eumicrotremus spinosus","species","Petite poule de mer Atlantique","Animalia","Chordata","Teleostei","Scorpaeniformes","Cyclopteridae","Eumicrotremus","Eumicrotremus spinosus"
"Zoarces americanus","Zoarces americanus","species","Loquette d'amérique","Animalia","Chordata","Teleostei","Perciformes","Zoarcidae","Zoarces","Zoarces americanus"
"Urophycis tenuis","Urophycis tenuis","species","Merluche blanche","Animalia","Chordata","Teleostei","Gadiformes","Phycidae","Urophycis","Urophycis tenuis"
"Ulvaria subbifurcata","Ulvaria subbifurcata","species","Ulvaire deux-lignes","Animalia","Chordata","Teleostei","Perciformes","Stichaeidae","Ulvaria","Ulvaria subbifurcata"
"Triglops murrayi","Triglops murrayi","species","Faux-trigle armé","Animalia","Chordata","Teleostei","Scorpaeniformes","Cottidae","Triglops","Triglops murrayi"
"Peprilus triacanthus","Peprilus triacanthus","species","Stromatée à fossettes","Animalia","Chordata","Teleostei","Perciformes","Stromateidae","Peprilus","Peprilus triacanthus"
"Careproctus reinhardti","Careproctus reinhardti","species","Petite limace de mer","Animalia","Chordata","Teleostei","Scorpaeniformes","Liparidae","Careproctus","Careproctus reinhardti"
"Tautogolabrus adspersus","Tautogolabrus adspersus","species","Tanche-tautogue","Animalia","Chordata","Teleostei","Perciformes","Labridae","Tautogolabrus","Tautogolabrus adspersus"
"Stichaeus punctatus punctatus","Stichaeus punctatus punctatus","subspecies","Stichée arctique","Animalia","Chordata","","Perciformes","Stichaeidae","Stichaeus","Stichaeus punctatus"
"Stichaeus punctatus","Stichaeus punctatus","species","Stichée arctique","Animalia","Chordata","Teleostei","Perciformes","Stichaeidae","Stichaeus","Stichaeus punctatus"
"Squalus acanthias","Squalus acanthias","species","Aiguillat commun","Animalia","Chordata","Chondrichthyes","Squaliformes","Squalidae","Squalus","Squalus acanthias"
"Scophthalmus aquosus","Scophthalmus aquosus","species","Turbot de sable","Animalia","Chordata","Teleostei","Pleuronectiformes","Scophthalmidae","Scophthalmus","Scophthalmus aquosus"
"Pseudacris triseriata","Pseudacris triseriata","species","Rainette faux-grillon de l'ouest","Animalia","Chordata","Amphibia","Anura","Hylidae","Pseudacris","Pseudacris triseriata"
"Scomber scombrus","Scomber scombrus","species","Maquereau bleu","Animalia","Chordata","Teleostei","Perciformes","Scombridae","Scomber","Scomber scombrus"
"Reinhardtius hippoglossoides","Reinhardtius hippoglossoides","species","Flétan du groenland","Animalia","Chordata","Teleostei","Pleuronectiformes","Pleuronectidae","Reinhardtius","Reinhardtius hippoglossoides"
"Pseudopleuronectes americanus","Pseudopleuronectes americanus","species","Plie rouge","Animalia","Chordata","Teleostei","Pleuronectiformes","Pleuronectidae","Pseudopleuronectes","Pseudopleuronectes americanus"
"Pollachius virens","Pollachius virens","species","Goberge","Animalia","Chordata","Teleostei","Gadiformes","Gadidae","Pollachius","Pollachius virens"
"Phycis chesteri","Phycis chesteri","species","Merluche à longues nageoires","Animalia","Chordata","Teleostei","Gadiformes","Phycidae","Phycis","Phycis chesteri"
"Osmerus mordax mordax","Osmerus mordax mordax","subspecies","Eperlan d'amerique","Animalia","Chordata","Teleostei","Osmeriformes","Osmeridae","Osmerus","Osmerus mordax"
"Microtus pennsylvanicus","Microtus pennsylvanicus","species","Campagnol des champs","Animalia","Chordata","Mammalia","Rodentia","Cricetidae","Microtus","Microtus pennsylvanicus"
"Zapus hudsonius","Zapus hudsonius","species","Souris sauteuse des champs","Animalia","Chordata","Mammalia","Rodentia","Dipodidae","Zapus","Zapus hudsonius"
"Phoca vitulina","Phoca vitulina","species","Phoque commun","Animalia","Chordata","Mammalia","Carnivora","Phocidae","Phoca","Phoca vitulina"
"Erethizon dorsata","Erethizon dorsatus","species","","Animalia","Chordata","Mammalia","Rodentia","Erethizontidae","Erethizon","Erethizon dorsatus"
"Pekania pennanti","Pekania pennanti","species","Pékan","Animalia","Chordata","Mammalia","Carnivora","Mustelidae","Pekania","Pekania pennanti"
"Peromyscus maniculatus","Peromyscus maniculatus","species","Souris sylvestre","Animalia","Chordata","Mammalia","Rodentia","Cricetidae","Peromyscus","Peromyscus maniculatus"
"Tamias striatus","Tamias striatus","species","Tamia rayé","Animalia","Chordata","Mammalia","Rodentia","Sciuridae","Tamias","Tamias striatus"
"Myodes gapperi","Myodes gapperi","species","Campagnol de gapper","Animalia","Chordata","Mammalia","Rodentia","Cricetidae","Myodes","Myodes gapperi"
"Anser caerulescens","Anser caerulescens","species","Oie des neiges","Animalia","Chordata","Aves","Anseriformes","Anatidae","Anser","Anser caerulescens"
"Anser caerulescens caerulescens","Anser caerulescens caerulescens","subspecies","","Animalia","Chordata","Aves","Anseriformes","Anatidae","Anser","Anser caerulescens"
"Histrionicus histrionicus","Histrionicus histrionicus","species","Arlequin plongeur","Animalia","Chordata","Aves","Anseriformes","Anatidae","Histrionicus","Histrionicus histrionicus"
"Chelydra serpentina","Chelydra serpentina","species","Chélydre serpentine","Animalia","Chordata","Testudines","Testudines","Chelydridae","Chelydra","Chelydra serpentina"
"Bathyraja spinicauda","Bathyraja spinicauda","species","Raie à queue épineuse","Animalia","Chordata","Elasmobranchii","Rajiformes","Arhynchobatidae","Bathyraja","Bathyraja spinicauda"
"Sternotherus odoratus","Sternotherus odoratus","species","","Animalia","Chordata","Reptilia","Testudines","Kinosternidae","Sternotherus","Sternotherus odoratus"
"Chrysemys picta","Chrysemys picta","species","Tortue peinte","Animalia","Chordata","Testudines","Testudines","Emydidae","Chrysemys","Chrysemys picta"
"Graptemys geographica","Graptemys","genus","Tortue géographique","Animalia","Chordata","Reptilia","Testudines","Emydidae","Graptemys","Graptemys geographica"
"Emydoidea blandingii","Emydoidea blandingii","species","Tortue mouchetée","Animalia","Chordata","Reptilia","Testudines","Emydidae","Emys","Emydoidea blandingii"
"Merluccius albidus","Merluccius albidus","species","Merlu","Animalia","Chordata","Teleostei","Gadiformes","Merlucciidae","Merluccius","Merluccius albidus"
"Citharichthys arctifrons","Citharichthys arctifrons","species","Plie du gulf stream","Animalia","Chordata","Teleostei","Pleuronectiformes","Paralichthyidae","Citharichthys","Citharichthys arctifrons"
"Leucoraja erinacea","Leucoraja erinacea","species","Raie-hérisson","Animalia","Chordata","Chondrichthyes","Rajiformes","Rajidae","Leucoraja","Leucoraja erinacea"
"Paralichthys oblongus","Paralichthys oblongus","species","Cardeau à quatre ocelles","Animalia","Chordata","Teleostei","Pleuronectiformes","Paralichthyidae","Hippoglossina","Hippoglossina oblonga"
"Notacanthus chemnitzii","Notacanthus chemnitzii","species","","Animalia","Chordata","Teleostei","Notacanthiformes","Notacanthidae","Notacanthus","Notacanthus chemnitzii"
"Ardenna grisea","Puffinus griseus","species","Puffin fuligineux","Animalia","Chordata","Aves","Procellariiformes","Procellariidae","Puffinus","Puffinus griseus"
"Gadus macrocephalus","Gadus macrocephalus","species","Morue du Pacifique","Animalia","Chordata","Teleostei","Gadiformes","Gadidae","Gadus","Gadus macrocephalus"
"Chlorophthalmus agassizi","Chlorophthalmus agassizi","species","Éperlan du large","Animalia","Chordata","Teleostei","Aulopiformes","Chlorophthalmidae","Chlorophthalmus","Chlorophthalmus agassizi"
"Helicolenus dactylopterus","Helicolenus dactylopterus","species","Rascasse du fond","Animalia","Chordata","Teleostei","Scorpaeniformes","Sebastidae","Helicolenus","Helicolenus dactylopterus"
"Synaphobranchus kaupii","Synaphobranchus kaupii","species","","Animalia","Chordata","Teleostei","Anguilliformes","Synaphobranchidae","Synaphobranchus","Synaphobranchus kaupii"
"Trachyrincus murrayi","Trachyrincus murrayi","species","Grenadier-scie","Animalia","Chordata","Teleostei","Gadiformes","Macrouridae","Trachyrincus","Trachyrincus murrayi"
"Argentina silus","Argentina silus","species","Grande argentine","Animalia","Chordata","Teleostei","Osmeriformes","Argentinidae","Argentina","Argentina silus"
"Urophycis chuss","Urophycis chuss","species","Merluche-écureuil","Animalia","Chordata","Teleostei","Gadiformes","Gadidae","Urophycis","Urophycis chuss"
"Simenchelys parasitica","Simenchelys parasitica","species","Anguille a nez court","Animalia","Chordata","Teleostei","Anguilliformes","Synaphobranchidae","Simenchelys","Simenchelys parasitica"
"Uria aalge","Uria aalge","species","Guillemot marmette","Animalia","Chordata","Aves","Charadriiformes","Alcidae","Uria","Uria aalge"
"Antimora rostrata","Antimora rostrata","species","Antimore bleu","Animalia","Chordata","Teleostei","Gadiformes","Moridae","Antimora","Antimora rostrata"
"Anaxyrus fowleri","Anaxyrus fowleri","species","","Animalia","Chordata","Amphibia","Anura","Bufonidae","Anaxyrus","Anaxyrus fowleri"
"Artediellus atlanticus","Artediellus","genus","Hameçon Atlantique","Animalia","Chordata","Teleostei","Scorpaeniformes","Cottidae","Artediellus","Artediellus atlanticus"
"Careproctus ranula","Careproctus ranula","species","Limace acadienne","Animalia","Chordata","Teleostei","Scorpaeniformes","Liparidae","Careproctus","Careproctus ranula"
"Brosme brosme","Brosme brosme","species","Brosme","Animalia","Chordata","Teleostei","Gadiformes","Lotidae","Brosme","Brosme brosme"
"Bathylagus euryops","Bathylagus euryops","species","Garcette-goitre","Animalia","Chordata","Teleostei","Osmeriformes","Bathylagidae","Bathylagus","Bathylagus euryops"
"Cottunculus thomsonii","Cottunculus thomsonii","species","Cotte blême","Animalia","Chordata","Teleostei","Scorpaeniformes","Psychrolutidae","Cottunculus","Cottunculus thomsonii"
"Coryphaenoides rupestris","Coryphaenoides rupestris","species","Grenadier de roche","Animalia","Chordata","Teleostei","Gadiformes","Macrouridae","Coryphaenoides","Coryphaenoides rupestris"
"Chiasmodon niger","Chiasmodon niger","species","Gargare noir","Animalia","Chordata","Teleostei","Perciformes","Chiasmodontidae","Chiasmodon","Chiasmodon niger"
"Chauliodus sloani","Chauliodus sloani","species","Chauliode très lumineux","Animalia","Chordata","Teleostei","Stomiiformes","Stomiidae","Chauliodus","Chauliodus sloani"
"Dipturus laevis","Dipturus laevis","species","Grande raie","Animalia","Chordata","Chondrichthyes","Rajiformes","Rajidae","Dipturus","Dipturus laevis"
"Dibranchus atlanticus","Dibranchus atlanticus","species","","Animalia","Chordata","Teleostei","Lophiiformes","Ogcocephalidae","Dibranchus","Dibranchus atlanticus"
"Harriotta raleighana","Harriotta raleighana","species","Chimère de raleigh","Animalia","Chordata","Chondrichthyes","Chimaeriformes","Rhinochimaeridae","Harriotta","Harriotta raleighana"
"Liparis fabricii","Liparis fabricii","species","Limace gélatineuse","Animalia","Chordata","Teleostei","Scorpaeniformes","Liparidae","Liparis","Liparis fabricii"
"Myotis lucifugus","Myotis lucifugus","species","Petite chauve-souris brune","Animalia","Chordata","Mammalia","Chiroptera","Vespertilionidae","Myotis","Myotis lucifugus"
"Gaidropsarus ensis","Gaidropsarus ensis","species","Mustèle arctique à trois barbillons","Animalia","Chordata","Teleostei","Gadiformes","Lotidae","Gaidropsarus","Gaidropsarus ensis"
"Magnisudis atlantica","Magnisudis atlantica","species","Barracudine","Animalia","Chordata","Teleostei","Aulopiformes","Paralepididae","Magnisudis","Magnisudis atlantica"
"Liparis tunicatus","Liparis","genus","","Animalia","Chordata","Equisetopsida","Asparagales","Liparidae","Liparis","Liparis tunicatus"
"Liparis gibbus","Liparis gibbus","species","Limace marbrée","Animalia","Chordata","Teleostei","Scorpaeniformes","Liparidae","Liparis","Liparis gibbus"
"Liparis atlanticus","Liparis atlanticus","species","","Animalia","Chordata","Teleostei","Lepidoptera","Liparidae","Liparis","Ocneria atlantica"
"Lycodes vahlii","Lycodes vahlii","species","Lycode à carreaux","Animalia","Chordata","Teleostei","Perciformes","Zoarcidae","Lycodes","Lycodes vahlii"
"Lycodes terraenovae","Lycodes colletti","species","","Animalia","Chordata","Teleostei","Perciformes","Zoarcidae","Lycodes","Lycodes terraenovae"
"Lycodes reticulatus","Lycodes reticulatus","species","Lycode arctique","Animalia","Chordata","Teleostei","Perciformes","Zoarcidae","Lycodes","Lycodes reticulatus"
"Macrourus berglax","Macrourus berglax","species","Grenadier berglax","Animalia","Chordata","Teleostei","Gadiformes","Macrouridae","Macrourus","Macrourus berglax"
"Lycodes pallidus","Lycodes colletti","species","","Animalia","Chordata","Teleostei","Perciformes","Zoarcidae","Lycodes","Lycodes uschakovi"
"Lycodes lavalaei","Lycodes lavalaei","species","Lycode du labrador","Animalia","Chordata","Teleostei","Perciformes","Zoarcidae","Lycodes","Lycodes lavalaei"
"Lycodes esmarkii","Lycodes colletti","species","","Animalia","Chordata","Teleostei","Perciformes","Zoarcidae","Lycodes","Lycodes colletti"
"Lycenchelys verrillii","Lycenchelys verrillii","species","","Animalia","Chordata","Teleostei","Perciformes","Zoarcidae","Lycenchelys","Lycenchelys verrillii"
"Lithobates clamitans melanota","Lithobates clamitans","species","","Animalia","Chordata","Amphibia","Anura","Ranidae","Lithobates","Lithobates clamitans"
"Lumpenus fabricii","Lumpenus fabricii","species","Lompénie élancée","Animalia","Chordata","Teleostei","Perciformes","Stichaeidae","Lumpenus","Lumpenus fabricii"
"Lycodonus mirabilis","Lycodonus mirabilis","species","Lycaspine à chevrons","Animalia","Chordata","Teleostei","Perciformes","Zoarcidae","Lycodonus","Lycodonus mirabilis"
"Microgadus tomcod","Microgadus tomcod","species","Poulamon Atlantique","Animalia","Chordata","Teleostei","Gadiformes","Gadidae","Microgadus","Microgadus tomcod"
"Sebastes mentella","Sebastes mentella","species","Sébaste Atlantique","Animalia","Chordata","Teleostei","Scorpaeniformes","Sebastidae","Sebastes","Sebastes mentella"
"Menidia menidia","Menidia menidia","species","Capucette","Animalia","Chordata","Teleostei","Atheriniformes","Atherinopsidae","Menidia","Menidia menidia"
"Pholis gunnellus","Pholis gunnellus","species","Gonnelle","Animalia","Chordata","Teleostei","Perciformes","Pholidae","Pholis","Pholis gunnellus"
"Paralepis coregonoides","Arctozenus risso","species","","Animalia","Chordata","Teleostei","Aulopiformes","Paralepididae","Arctozenus","Arctozenus risso"
"Nemichthys scolopaceus","Nemichthys scolopaceus","species","Avocette ruban","Animalia","Chordata","Teleostei","Anguilliformes","Nemichthyidae","Nemichthys","Nemichthys scolopaceus"
"Scomberesox saurus","Scomberesox saurus","species","Balaou","Animalia","Chordata","Teleostei","Beloniformes","Scomberesocidae","Scomberesox","Scomberesox saurus"
"Rhinochimaera atlantica","Rhinochimaera atlantica","species","Chimère couteau","Animalia","Chordata","Chondrichthyes","Chimaeriformes","Rhinochimaeridae","Rhinochimaera","Rhinochimaera atlantica"
"Rajella fyllae","Rajella fyllae","species","Raie ronde","Animalia","Chordata","Elasmobranchii","Rajiformes","Rajidae","Rajella","Rajella fyllae"
"Esox masquinongy","Esox masquinongy","species","Maskinongé","Animalia","Chordata","Teleostei","Esociformes","Esocidae","Esox","Esox masquinongy"
"Cottus cognatus","Cottus cognatus","species","","Animalia","Chordata","","Scorpaeniformes","Cottidae","Cottus","Cottus bairdii"
"Polymixia lowei","Polymixia lowei","species","Poisson chèvre","Animalia","Chordata","Teleostei","Polymixiiformes","Polymixiidae","Polymixia","Polymixia lowei"
"Polyacanthonotus rissoanus","Polyacanthonotus rissoanus","species","Policante","Animalia","Chordata","Teleostei","Notacanthiformes","Notacanthidae","Polyacanthonotus","Polyacanthonotus rissoanus"
"Stomias boa ferox","Stomias boa ferox","subspecies","Dragon-boa","Animalia","Chordata","Teleostei","Stomiiformes","Stomiidae","Stomias","Stomias boa"
"Stomias boa","Stomias boa","species","Dragon-boa","Animalia","Chordata","Teleostei","Stomiiformes","Stomiidae","Stomias","Stomias boa"
"Somniosus microcephalus","Somniosus microcephalus","species","Laimargue","Animalia","Chordata","Elasmobranchii","Squaliformes","Somniosidae","Somniosus","Somniosus microcephalus"
"Sigmops elongatus","Gonostoma elongatum","species","","Animalia","Chordata","Teleostei","Stomiiformes","Gonostomatidae","Sigmops","Sigmops elongatus"
"Serrivomer beanii","Serrivomer beanii","species","","Animalia","Chordata","Teleostei","Anguilliformes","Serrivomeridae","Serrivomer","Serrivomer beanii"
"Sebastes norvegicus","Sebastes norvegicus","species","Sébaste orangé","Animalia","Chordata","Teleostei","Scorpaeniformes","Scorpaenidae","Sebastes","Sebastes norvegicus"
"Zenopsis conchifer","Zenopsis conchifera","species","Faux st.-pierre","Animalia","Chordata","Teleostei","Zeiformes","Zeidae","Zenopsis","Zenopsis conchifer"
"Branta bernicla hrota","Branta bernicla hrota","subspecies","","Animalia","Chordata","Aves","Anseriformes","Anatidae","Branta","Branta bernicla"
"Branta bernicla","Branta bernicla","species","Bernache cravant","Animalia","Chordata","Aves","Anseriformes","Anatidae","Branta","Branta bernicla"
"Larus smithsonianus","Larus smithsonianus","species","Goéland hudsonien","Animalia","Chordata","Aves","Charadriiformes","Laridae","Larus","Larus smithsonianus"
"Morus bassanus","Morus bassanus","species","Fou de bassan","Animalia","Chordata","Aves","Suliformes","Sulidae","Morus","Morus bassanus"
"Balaenoptera physalus","Balaenoptera physalus","species","Rorqual commun","Animalia","Chordata","Mammalia","Cetacea","Balaenopteridae","Balaenoptera","Balaenoptera physalus"
"Scolopax minor","Scolopax minor","species","Bécasse d'amérique","Animalia","Chordata","Aves","Charadriiformes","Scolopacidae","Scolopax","Scolopax minor"
"Plethodon cinereus","Plethodon cinereus","species","Salamandre rayée","Animalia","Chordata","Amphibia","Caudata","Plethodontidae","Plethodon","Plethodon cinereus"
"Alces americanus","Alces americanus","species","Orignal","Animalia","Chordata","Mammalia","Artiodactyla","Cervidae","Alces","Alces americanus"
"Necturus maculosus","Necturus maculosus","species","Necture tacheté","Animalia","Chordata","Amphibia","Caudata","Proteidae","Necturus","Necturus maculosus"
"Ambystoma maculatum","Ambystoma maculatum","species","Salamandre maculée","Animalia","Chordata","Amphibia","Caudata","Ambystomatidae","Ambystoma","Ambystoma maculatum"
"Balaenoptera musculus","Balaenoptera musculus","species","Rorqual bleu","Animalia","Chordata","Mammalia","Cetacea","Balaenopteridae","Balaenoptera","Balaenoptera musculus"
"Megaptera novaeangliae","Megaptera novaeangliae","species","Rorqual à bosse","Animalia","Chordata","Mammalia","Cetacea","Balaenopteridae","Megaptera","Megaptera novaeangliae"
"Micropterus dolomieu","Micropterus dolomieu","species","Achigan à petite bouche","Animalia","Chordata","Teleostei","Perciformes","Centrarchidae","Micropterus","Micropterus dolomieu"
"Phoca vitulina concolor","Phoca vitulina vitulina","subspecies","","Animalia","Chordata","Mammalia","Carnivora","Phocidae","Phoca","Phoca vitulina"
"Balaenoptera acutorostrata","Balaenoptera acutorostrata","species","Petit rorqual","Animalia","Chordata","Mammalia","Cetacea","Balaenopteridae","Balaenoptera","Balaenoptera acutorostrata"
"Ambystoma jeffersonianum","Ambystoma jeffersonianum","species","Salamandre de jefferson","Animalia","Chordata","Amphibia","Caudata","Ambystomatidae","Ambystoma","Ambystoma jeffersonianum"
"Myotis septentrionalis","Myotis septentrionalis","species","Chauve-souris nordique","Animalia","Chordata","Mammalia","Chiroptera","Vespertilionidae","Myotis","Myotis septentrionalis"
"Anguilla rostrata","Anguilla rostrata","species","Anguille d'amérique","Animalia","Chordata","Teleostei","Anguilliformes","Anguillidae","Anguilla","Anguilla rostrata"
"Phocoena phocoena","Phocoena phocoena","species","Marsouin commun","Animalia","Chordata","Mammalia","Cetacea","Phocoenidae","Phocoena","Phocoena phocoena"
"Calidris canutus","Calidris canutus","species","Bécasseau maubèche","Animalia","Chordata","Aves","Charadriiformes","Scolopacidae","Calidris","Calidris canutus"
"Calidris canutus rufa","Calidris canutus rufa","subspecies","","Animalia","Chordata","Aves","Charadriiformes","Scolopacidae","Calidris","Calidris canutus"
"Brevoortia tyrannus","Brevoortia tyrannus","species","Alose tyran","Animalia","Chordata","Teleostei","Clupeiformes","Clupeidae","Brevoortia","Brevoortia tyrannus"
"Brevoortia tyrannus harengus","Brevoortia tyrannus","species","Alose tyran","Animalia","Chordata","Teleostei","Clupeiformes","Clupeidae","Brevoortia","Brevoortia tyrannus"
"Salmo salar","Salmo salar","species","Saumon Atlantique","Animalia","Chordata","Teleostei","Salmoniformes","Salmonidae","Salmo","Salmo salar"
"Clupea harengus harengus","Clupea harengus harengus","subspecies","","Animalia","Chordata","Teleostei","Clupeiformes","Clupeidae","Clupea","Clupea harengus"
"Cetorhinus maximus","Cetorhinus maximus","species","Pèlerin","Animalia","Chordata","Elasmobranchii","Lamniformes","Cetorhinidae","Cetorhinus","Cetorhinus maximus"
"Halichoerus grypus","Halichoerus grypus","species","Phoque gris","Animalia","Chordata","Mammalia","Carnivora","Phocidae","Halichoerus","Halichoerus grypus"
"Tamiasciurus hudsonicus","Tamiasciurus hudsonicus","species","Écureuil roux","Animalia","Chordata","Mammalia","Rodentia","Sciuridae","Tamiasciurus","Tamiasciurus hudsonicus"
"Blarina brevicauda","Blarina brevicauda","species","Grande musaraigne","Animalia","Chordata","Mammalia","Soricomorpha","Soricidae","Blarina","Blarina brevicauda"
"Napaeozapus insignis","Napaeozapus insignis","species","Souris sauteuse des bois","Animalia","Chordata","Mammalia","Rodentia","Dipodidae","Napaeozapus","Napaeozapus insignis"
"Sorex cinereus","Sorex cinereus","species","Musaraigne cendrée","Animalia","Chordata","Mammalia","Soricomorpha","Soricidae","Sorex","Sorex cinereus"
"Clemmys guttata","Clemmys guttata","species","Tortue ponctuée","Animalia","Chordata","Testudines","Testudines","Emydidae","Clemmys","Clemmys guttata"
"Synchiropus agassizii","Foetorepus agassizii","species","","Animalia","Chordata","Teleostei","Perciformes","Callionymidae","Foetorepus","Foetorepus agassizii"
"Paralichthys dentatus","Paralichthys dentatus","species","Cardeau d'été","Animalia","Chordata","Teleostei","Pleuronectiformes","Paralichthyidae","Paralichthys","Paralichthys dentatus"
"Petromyzon marinus","Petromyzon marinus","species","Lamproie marine","Animalia","Chordata","Petromyzonti","Petromyzontiformes","Petromyzontidae","Petromyzon","Petromyzon marinus"
"Selene setapinnis","Selene setapinnis","species","Lune","Animalia","Chordata","Teleostei","Perciformes","Carangidae","Selene","Selene setapinnis"
"Tetronarce nobiliana","Tetronarce nobiliana","species","Torpille noire","Animalia","Chordata","Elasmobranchii","Torpediniformes","Torpedinidae","Tetronarce","Tetronarce nobiliana"
"Arenaria interpres","Arenaria interpres","species","Tournepierre à collier","Animalia","Chordata","Aves","Charadriiformes","Scolopacidae","Arenaria","Arenaria interpres"
"Numenius phaeopus","Numenius phaeopus","species","Courlis corlieu","Animalia","Chordata","Aves","Charadriiformes","Scolopacidae","Numenius","Numenius phaeopus"
"Calidris alba","Calidris alba","species","Bécasseau sanderling","Animalia","Chordata","Aves","Charadriiformes","Scolopacidae","Calidris","Calidris alba"
"Pluvialis squatarola","Pluvialis squatarola","species","Pluvier argenté","Animalia","Chordata","Aves","Charadriiformes","Charadriidae","Pluvialis","Pluvialis squatarola"
"Coccyzus americanus","Coccyzus americanus","species","Coulicou à bec jaune","Animalia","Chordata","Aves","Cuculiformes","Cuculidae","Coccyzus","Coccyzus americanus"
"Circus hudsonius","Circus","genus","Busard d'amérique","Animalia","Chordata","Aves","Accipitriformes","Accipitridae","Circus","Circus cyaneus"
"Antrostomus vociferus","Antrostomus vociferus","species","Engoulevent bois-pourri","Animalia","Chordata","Aves","Caprimulgiformes","Caprimulgidae","Antrostomus","Antrostomus vociferus"
"Buteo platypterus","Buteo platypterus","species","Petite buse","Animalia","Chordata","Aves","Accipitriformes","Accipitridae","Buteo","Buteo platypterus"
"Buteo lineatus","Buteo lineatus","species","Buse à épaulettes","Animalia","Chordata","Aves","Accipitriformes","Accipitridae","Buteo","Buteo lineatus"
"Bombycilla cedrorum","Bombycilla cedrorum","species","Jaseur d'amérique","Animalia","Chordata","Aves","Passeriformes","Bombycillidae","Bombycilla","Bombycilla cedrorum"
"Icterus galbula","Icterus galbula","species","Oriole du Nord","Animalia","Chordata","Aves","Passeriformes","Icteridae","Icterus","Icterus galbula"
"Quiscalus quiscula","Quiscalus quiscula","species","Quiscale bronzé","Animalia","Chordata","Aves","Passeriformes","Icteridae","Quiscalus","Quiscalus quiscula"
"Passerella iliaca","Passerella iliaca","species","Bruant fauve","Animalia","Chordata","Aves","Passeriformes","Passerellidae","Passerella","Passerella iliaca"
"Molothrus ater","Molothrus ater","species","Vacher à tête brune","Animalia","Chordata","Aves","Passeriformes","Icteridae","Molothrus","Molothrus ater"
"Euphagus cyanocephalus","Euphagus cyanocephalus","species","Quiscale de brewer","Animalia","Chordata","Aves","Passeriformes","Icteridae","Euphagus","Euphagus cyanocephalus"
"Hesperiphona vespertina","Hesperiphona vespertina","species","Hesperiphona vespertinus","Animalia","Chordata","Aves","Passeriformes","Fringillidae","Hesperiphona","Hesperiphona vespertina"
"Spinus tristis","Spinus tristis","species","Chardonneret jaune","Animalia","Chordata","Aves","Passeriformes","Fringillidae","Spinus","Spinus tristis"
"Sturnella magna","Sturnella magna","species","Sturnelle des prés","Animalia","Chordata","Aves","Passeriformes","Icteridae","Sturnella","Sturnella magna"
"Sturnella magna magna","Sturnella magna magna","subspecies","","Animalia","Chordata","Aves","Passeriformes","Icteridae","Sturnella","Sturnella magna"
"Passer domesticus","Passer domesticus","species","Moineau domestique","Animalia","Chordata","Aves","Passeriformes","Passeridae","Passer","Passer domesticus"
"Mimus polyglottos","Mimus polyglottos","species","Moqueur polyglotte","Animalia","Chordata","Aves","Passeriformes","Mimidae","Mimus","Mimus polyglottos"
"Melanerpes erythrocephalus","Melanerpes erythrocephalus","species","Pic à tête rouge","Animalia","Chordata","Aves","Piciformes","Picidae","Melanerpes","Melanerpes erythrocephalus"
"Loxia curvirostra","Loxia curvirostra","species","Bec-croisé des sapins","Animalia","Chordata","Aves","Passeriformes","Fringillidae","Loxia","Loxia curvirostra"
"Hirundo rustica","Hirundo rustica","species","Hirondelle rustique","Animalia","Chordata","Aves","Passeriformes","Hirundinidae","Hirundo","Hirundo rustica"
"Eremophila alpestris","Eremophila alpestris","species","Alouette hausse-col","Animalia","Chordata","Aves","Passeriformes","Alaudidae","Eremophila","Eremophila alpestris"
"Setophaga palmarum","Setophaga palmarum","species","Paruline à couronne rousse","Animalia","Chordata","Aves","Passeriformes","Parulidae","Setophaga","Setophaga palmarum"
"Porzana carolina","Porzana carolina","species","Marouette de caroline","Animalia","Chordata","Aves","Gruiformes","Rallidae","Porzana","Porzana carolina"
"Podilymbus podiceps","Podilymbus podiceps","species","Grèbe à bec bigarré","Animalia","Chordata","Aves","Podicipediformes","Podicipedidae","Podilymbus","Podilymbus podiceps"
"Pandion haliaetus","Pandion haliaetus","species","Balbuzard pêcheur","Animalia","Chordata","Aves","Accipitriformes","Pandionidae","Pandion","Pandion haliaetus"
"Cistothorus palustris","Cistothorus palustris","species","Troglodyte des marais","Animalia","Chordata","Aves","Passeriformes","Troglodytidae","Cistothorus","Cistothorus palustris"
"Botaurus lentiginosus","Botaurus lentiginosus","species","Butor d'amérique","Animalia","Chordata","Aves","Pelecaniformes","Ardeidae","Botaurus","Botaurus lentiginosus"
"Zenaida macroura","Zenaida macroura","species","Tourterelle triste","Animalia","Chordata","Aves","Columbiformes","Columbidae","Zenaida","Zenaida macroura"
"Vireo flavifrons","Vireo flavifrons","species","Viréo à gorge jaune","Animalia","Chordata","Aves","Passeriformes","Vireonidae","Vireo","Vireo flavifrons"
"Vermivora cyanoptera","Vermivora cyanoptera","species","Paruline à ailes bleues","Animalia","Chordata","Aves","Passeriformes","Parulidae","Vermivora","Vermivora cyanoptera"
"Troglodytes aedon","Troglodytes aedon","species","Troglodyte familier","Animalia","Chordata","Aves","Passeriformes","Troglodytidae","Troglodytes","Troglodytes aedon"
"Tachycineta bicolor","Tachycineta bicolor","species","Hirondelle bicolore","Animalia","Chordata","Aves","Passeriformes","Hirundinidae","Tachycineta","Tachycineta bicolor"
"Haemorhous mexicanus","Haemorhous mexicanus","species","Roselin familier","Animalia","Chordata","Aves","Passeriformes","Fringillidae","Haemorhous","Haemorhous mexicanus"
"Ardea herodias","Ardea herodias","species","Grand héron","Animalia","Chordata","Aves","Pelecaniformes","Ardeidae","Ardea","Ardea herodias"
"Hydroprogne caspia","Hydroprogne caspia","species","Sterne caspienne","Animalia","Chordata","Aves","Charadriiformes","Laridae","Hydroprogne","Hydroprogne caspia"
"Poecile atricapillus","Poecile atricapillus","species","Mésange à tête noire","Animalia","Chordata","Aves","Passeriformes","Paridae","Poecile","Poecile atricapillus"
"Haliaeetus leucocephalus","Haliaeetus leucocephalus","species","Pygargue à tête blanche","Animalia","Chordata","Aves","Accipitriformes","Accipitridae","Haliaeetus","Haliaeetus leucocephalus"
"Catharus bicknelli","Catharus bicknelli","species","Grive de bicknell","Animalia","Chordata","Aves","Passeriformes","Turdidae","Catharus","Catharus bicknelli"
"Sialia sialis","Sialia sialis","species","Merlebleu de l'est","Animalia","Chordata","Aves","Passeriformes","Turdidae","Sialia","Sialia sialis"
"Baeolophus bicolor","Baeolophus bicolor","species","Mésange bicolore","Animalia","Chordata","Aves","Passeriformes","Paridae","Baeolophus","Baeolophus bicolor"
"Lepus americanus","Lepus americanus","species","Lièvre d'amérique","Animalia","Chordata","Mammalia","Lagomorpha","Leporidae","Lepus","Lepus americanus"
"Rangifer tarandus","Rangifer tarandus","species","Caribou","Animalia","Chordata","Mammalia","Artiodactyla","Cervidae","Rangifer","Rangifer tarandus"
"Dolichonyx oryzivorus","Dolichonyx oryzivorus","species","Goglu des prés","Animalia","Chordata","Aves","Passeriformes","Icteridae","Dolichonyx","Dolichonyx oryzivorus"
"Aquila chrysaetos","Aquila chrysaetos","species","Aigle royal","Animalia","Chordata","Aves","Accipitriformes","Accipitridae","Aquila","Aquila chrysaetos"
"Ambloplites rupestris","Ambloplites rupestris","species","Crapet de roche","Animalia","Chordata","Teleostei","Perciformes","Centrarchidae","Ambloplites","Ambloplites rupestris"
"Perca flavescens","Perca flavescens","species","Perchaude","Animalia","Chordata","Teleostei","Perciformes","Percidae","Perca","Perca flavescens"
"Notemigonus crysoleucas","Notemigonus crysoleucas","species","Méné jaune","Animalia","Chordata","Teleostei","Cypriniformes","Cyprinidae","Notemigonus","Notemigonus crysoleucas"
"Buteo lagopus","Buteo lagopus","species","Buse pattue","Animalia","Chordata","Aves","Accipitriformes","Accipitridae","Buteo","Buteo lagopus"
"Accipiter gentilis","Accipiter gentilis","species","Autour des palombes","Animalia","Chordata","Aves","Accipitriformes","Accipitridae","Accipiter","Accipiter gentilis"
"Accipiter cooperii","Accipiter cooperii","species","Epervier de cooper","Animalia","Chordata","Aves","Accipitriformes","Accipitridae","Accipiter","Accipiter cooperii"
"Accipiter striatus","Accipiter striatus","species","Epervier brun","Animalia","Chordata","Aves","Accipitriformes","Accipitridae","Accipiter","Accipiter striatus"
"Morone chrysops","Morone chrysops","species","Bar blanc","Animalia","Chordata","Teleostei","Perciformes","Moronidae","Morone","Morone chrysops"
"Martes americana","Martes americana","species","Martre d'amérique","Animalia","Chordata","Mammalia","Carnivora","Mustelidae","Martes","Martes americana"
"Lynx rufus","Lynx rufus","species","Lynx roux","Animalia","Chordata","Mammalia","Carnivora","Felidae","Lynx","Lynx rufus"
"Ursus americanus","Ursus americanus","species","Ours noir","Animalia","Chordata","Mammalia","Carnivora","Ursidae","Ursus","Ursus americanus"
"Odocoileus virginianus","Odocoileus virginianus","species","Cerf de Virginie","Animalia","Chordata","Mammalia","Artiodactyla","Cervidae","Odocoileus","Odocoileus virginianus"
"Castor canadensis","Castor canadensis","species","Castor","Animalia","Chordata","Mammalia","Rodentia","Castoridae","Castor","Castor canadensis"
"Cyprinus carpio","Cyprinus","genus","Cyprin","Animalia","Chordata","Teleostei","Cypriniformes","Cyprinidae","Cyprinus","Cyprinus carpio"
"Fundulus heteroclitus","Fundulus heteroclitus","species","Choquemort","Animalia","Chordata","Teleostei","Cyprinodontiformes","Fundulidae","Fundulus","Fundulus heteroclitus"
"Glaucomys sabrinus","Glaucomys sabrinus","species","Grand polatouche","Animalia","Chordata","Mammalia","Rodentia","Sciuridae","Glaucomys","Glaucomys sabrinus"
"Uria lomvia","Uria lomvia","species","Guillemot de brünnich","Animalia","Chordata","Aves","Charadriiformes","Alcidae","Uria","Uria lomvia"
"Salmo trutta","Salmo trutta","species","Truite brune","Animalia","Chordata","Teleostei","Salmoniformes","Salmonidae","Salmo","Salmo trutta"
"Plethodon jordani","Plethodon jordani","species","","Animalia","Chordata","Amphibia","Caudata","Plethodontidae","Plethodon","Plethodon jordani"
"Odobenus rosmarus","Odobenus rosmarus","species","Morse","Animalia","Chordata","Mammalia","Carnivora","Odobenidae","Odobenus","Odobenus rosmarus"
"Limosa haemastica","Limosa haemastica","species","Barge hudsonienne","Animalia","Chordata","Aves","Charadriiformes","Scolopacidae","Limosa","Limosa haemastica"
"Lepus arcticus","Lepus arcticus","species","Lièvre arctique","Animalia","Chordata","Mammalia","Lagomorpha","Leporidae","Lepus","Lepus arcticus"
"Lepus arcticus bangsii","Lepus arcticus bangsii","subspecies","","Animalia","Chordata","Mammalia","Lagomorpha","Leporidae","Lepus","Lepus arcticus"
"Storeria dekayi","Storeria dekayi","species","Couleuvre brune","Animalia","Chordata","Reptilia","Squamata","Colubridae","Storeria","Storeria dekayi"
"Sistrurus catenatus","Sistrurus catenatus","species","Sistrurus catenatus catenatus","Animalia","Chordata","Squamata","Squamata","Viperidae","Sistrurus","Sistrurus catenatus"
"Hyperoodon ampullatus","Hyperoodon ampullatus","species","Baleine à bec commune","Animalia","Chordata","Mammalia","Cetacea","Hyperoodontidae","Hyperoodon","Hyperoodon ampullatus"
"Morone americana","Morone americana","species","Baret","Animalia","Chordata","Teleostei","Perciformes","Moronidae","Morone","Morone americana"
"Isurus oxyrinchus","Isurus oxyrinchus","species","Mako à nageoires courtes","Animalia","Chordata","Elasmobranchii","Lamniformes","Lamnidae","Isurus","Isurus oxyrinchus"
"Dermochelys coriacea","Dermochelys coriacea","species","Tortue luth","Animalia","Chordata","Testudines","Testudines","Dermochelyidae","Dermochelys","Dermochelys coriacea"
"Sistrurus catenatus catenatus","Sistrurus catenatus","species","","Animalia","Chordata","Squamata","Squamata","Viperidae","Sistrurus","Sistrurus catenatus"
"Nerodia sipedon","Nerodia sipedon","species","Couleuvre d'eau","Animalia","Chordata","Squamata","Squamata","Colubridae","Nerodia","Nerodia sipedon"
"Nerodia sipedon insularum","Nerodia sipedon insularum","subspecies","","Animalia","Chordata","Squamata","Squamata","Colubridae","Nerodia","Nerodia sipedon"
"Amia calva","Amia calva","species","Poisson-castor","Animalia","Chordata","Holostei","Amiiformes","Amiidae","Amia","Amia calva"
"Ameiurus nebulosus","Ameiurus nebulosus","species","Barbotte brune","Animalia","Chordata","Teleostei","Siluriformes","Ictaluridae","Ameiurus","Ameiurus nebulosus"
"Aplodinotus grunniens","Aplodinotus grunniens","species","Malachigan","Animalia","Chordata","Teleostei","Perciformes","Sciaenidae","Aplodinotus","Aplodinotus grunniens"
"Catostomus commersonii","Catostomus commersonii","species","","Animalia","Chordata","Teleostei","Cypriniformes","Catostomidae","Catostomus","Catostomus commersonii"
"Carpiodes cyprinus","Carpiodes cyprinus","species","Couette","Animalia","Chordata","Teleostei","Cypriniformes","Catostomidae","Carpiodes","Carpiodes cyprinus"
"Esox lucius","Esox lucius","species","Grand brochet","Animalia","Chordata","Teleostei","Esociformes","Esocidae","Esox","Esox lucius"
"Dorosoma cepedianum","Dorosoma cepedianum","species","Alose à gésier","Animalia","Chordata","Teleostei","Clupeiformes","Clupeidae","Dorosoma","Dorosoma cepedianum"
"Ictalurus punctatus","Ictalurus punctatus","species","Barbue de rivière","Animalia","Chordata","Teleostei","Siluriformes","Ictaluridae","Ictalurus","Ictalurus punctatus"
"Lepomis gibbosus","Lepomis gibbosus","species","Crapet-soleil","Animalia","Chordata","Teleostei","Perciformes","Centrarchidae","Lepomis","Lepomis gibbosus"
"Lepisosteus osseus","Lepisosteus osseus","species","Lépisosté osseux","Animalia","Chordata","Holostei","Lepisosteiformes","Lepisosteidae","Lepisosteus","Lepisosteus osseus"
"Moxostoma macrolepidotum","Moxostoma macrolepidotum","species","Chevalier rouge","Animalia","Chordata","Teleostei","Cypriniformes","Catostomidae","Moxostoma","Moxostoma macrolepidotum"
"Moxostoma anisurum","Moxostoma anisurum","species","Chevalier blanc","Animalia","Chordata","Teleostei","Cypriniformes","Catostomidae","Moxostoma","Moxostoma anisurum"
"Micropterus salmoides","Micropterus salmoides","species","Achigan à grande bouche","Animalia","Chordata","Teleostei","Perciformes","Centrarchidae","Micropterus","Micropterus salmoides"
"Percopsis omiscomaycus","Percopsis omiscomaycus","species","Omisco","Animalia","Chordata","Teleostei","Percopsiformes","Percopsidae","Percopsis","Percopsis omiscomaycus"
"Noturus flavus","Noturus flavus","species","Barbotte des rapides","Animalia","Chordata","Teleostei","Siluriformes","Ictaluridae","Noturus","Noturus flavus"
"Notropis hudsonius","Notropis hudsonius","species","Queue à tache noire","Animalia","Chordata","Teleostei","Cypriniformes","Cyprinidae","Notropis","Notropis hudsonius"
"Pomoxis nigromaculatus","Pomoxis nigromaculatus","species","Marigane noire","Animalia","Chordata","Teleostei","Perciformes","Centrarchidae","Pomoxis","Pomoxis nigromaculatus"
"Sander vitreus","Sander vitreus","species","Doré jaune","Animalia","Chordata","Teleostei","Perciformes","Percidae","Sander","Sander vitreus"
"Anchoa mitchilli","Anchoa mitchilli","species","Anchois américain","Animalia","Chordata","Teleostei","Clupeiformes","Engraulidae","Anchoa","Anchoa mitchilli"
"Canis lupus","Canis lupus","species","Loup","Animalia","Chordata","Mammalia","Carnivora","Canidae","Canis","Canis lupus"
"Gyrinophilus porphyriticus","Gyrinophilus porphyriticus","species","Salamandre pourpre","Animalia","Chordata","Amphibia","Caudata","Plethodontidae","Gyrinophilus","Gyrinophilus porphyriticus"
"Eurycea bislineata","Eurycea bislineata","species","Salamandre à deux lignes","Animalia","Chordata","Amphibia","Caudata","Plethodontidae","Eurycea","Eurycea bislineata"
"Desmognathus ochrophaeus","Desmognathus ochrophaeus","species","","Animalia","Chordata","Amphibia","Caudata","Plethodontidae","Desmognathus","Desmognathus ochrophaeus"
"Orcinus orca","Orcinus orca","species","Épaulard","Animalia","Chordata","Mammalia","Cetacea","Delphinidae","Orcinus","Orcinus orca"
"Larus marinus","Larus marinus","species","Goéland marin","Animalia","Chordata","Aves","Charadriiformes","Laridae","Larus","Larus marinus"
"Rangifer tarandus caribou","Rangifer tarandus caribou","subspecies","Caribou des bois","Animalia","Chordata","Mammalia","Artiodactyla","Cervidae","Rangifer","Rangifer tarandus"
"Coregonus zenithicus","Coregonus zenithicus","species","Cisco à mâchoires égales","Animalia","Chordata","Teleostei","Salmoniformes","Salmonidae","Coregonus","Coregonus zenithicus"
"Coregonus hoyi","Coregonus hoyi","species","","Animalia","Chordata","Teleostei","Salmoniformes","Salmonidae","Coregonus","Coregonus hoyi"
"Coregonus artedi","Coregonus artedi","species","Cisco de lac","Animalia","Chordata","Teleostei","Salmoniformes","Salmonidae","Coregonus","Coregonus artedi"
"Macrhybopsis storeriana","Macrhybopsis storeriana","species","Méné à grandes écailles","Animalia","Chordata","Teleostei","Cypriniformes","Cyprinidae","Macrhybopsis","Macrhybopsis storeriana"
"Anser caerulescens atlanticus","Anser caerulescens atlanticus","subspecies","","Animalia","Chordata","Aves","Anseriformes","Anatidae","Anser","Anser caerulescens"
"Notophthalmus viridescens louisianensis","Notophthalmus viridescens","species","","Animalia","Chordata","Amphibia","Caudata","Salamandridae","Notophthalmus","Notophthalmus viridescens"
"Sphyrna lewini","Sphyrna lewini","species","Grand requin marteau","Animalia","Chordata","Elasmobranchii","Carcharhiniformes","Sphyrnidae","Sphyrna","Sphyrna lewini"
"Oncorhynchus gorbuscha","Oncorhynchus gorbuscha","species","Saumon rose","Animalia","Chordata","Teleostei","Salmoniformes","Salmonidae","Oncorhynchus","Oncorhynchus gorbuscha"
"Ursus maritimus","Ursus maritimus","species","Ours blanc","Animalia","Chordata","Mammalia","Carnivora","Ursidae","Ursus","Ursus maritimus"
"Neogobius melanostomus","Neogobius melanostomus","species","Gobie à taches noires","Animalia","Chordata","Teleostei","Perciformes","Gobiidae","Neogobius","Neogobius melanostomus"
"Lota lota","Lota lota","species","Lotte","Animalia","Chordata","Teleostei","Gadiformes","Lotidae","Lota","Lota lota"
"Prosopium cylindraceum","Prosopium cylindraceum","species","Ménomini rond","Animalia","Chordata","Teleostei","Salmoniformes","Salmonidae","Prosopium","Prosopium cylindraceum"
"Oncorhynchus mykiss","Oncorhynchus mykiss","species","Truite arc-en-ciel","Animalia","Chordata","Teleostei","Salmoniformes","Salmonidae","Oncorhynchus","Oncorhynchus mykiss"
"Lepomis macrochirus","Lepomis","genus","","Animalia","Chordata","Teleostei","Perciformes","Centrarchidae","Lepomis","Lepomis macrochirus"
"Moxostoma carinatum","Moxostoma carinatum","species","Chevalier de rivière","Animalia","Chordata","Teleostei","Cypriniformes","Catostomidae","Moxostoma","Moxostoma carinatum"
"Moxostoma valenciennesi","Moxostoma valenciennesi","species","Chevalier jaune","Animalia","Chordata","Teleostei","Cypriniformes","Catostomidae","Moxostoma","Moxostoma valenciennesi"
"Oncorhynchus tshawytscha","Oncorhynchus tshawytscha","species","Saumon chinook","Animalia","Chordata","Teleostei","Salmoniformes","Salmonidae","Oncorhynchus","Oncorhynchus tshawytscha"
"Salvelinus namaycush","Salvelinus namaycush","species","Touladi","Animalia","Chordata","Teleostei","Salmoniformes","Salmonidae","Salvelinus","Salvelinus namaycush"
"Coregonus clupeaformis","Coregonus clupeaformis","species","Grand corégone","Animalia","Chordata","Teleostei","Salmoniformes","Salmonidae","Coregonus","Coregonus clupeaformis"
"Percina caprodes","Percina caprodes","species","Fouille-roche zébré","Animalia","Chordata","Teleostei","Perciformes","Percidae","Percina","Percina caprodes"
"Etheostoma nigrum","Etheostoma nigrum","species","","Animalia","Chordata","Teleostei","Perciformes","Percidae","Etheostoma","Etheostoma nigrum"
"Carassius auratus","Carassius auratus","species","Carassin","Animalia","Chordata","Teleostei","Cypriniformes","Cyprinidae","Carassius","Carassius auratus"
"Ictiobus cyprinellus","Ictiobus cyprinellus","species","","Animalia","Chordata","Teleostei","Cypriniformes","Catostomidae","Ictiobus","Ictiobus cyprinellus"
"Notropis atherinoides","Notropis atherinoides","species","Méné émeraude","Animalia","Chordata","Teleostei","Cypriniformes","Cyprinidae","Notropis","Notropis atherinoides"
"Semotilus corporalis","Semotilus corporalis","species","Ouitouche","Animalia","Chordata","Teleostei","Cypriniformes","Leuciscidae","Semotilus","Semotilus corporalis"
"Labidesthes sicculus","Labidesthes sicculus","species","Crayon d'argent","Animalia","Chordata","Teleostei","Atheriniformes","Atherinopsidae","Labidesthes","Labidesthes sicculus"
"Canis latrans","Canis latrans","species","Coyote","Animalia","Chordata","Mammalia","Carnivora","Canidae","Canis","Canis latrans"
"Thunnus thynnus","Thunnus thynnus","species","Thon rouge","Animalia","Chordata","Teleostei","Perciformes","Scombridae","Thunnus","Thunnus thynnus"
"Hydrobates leucorhous","Hydrobates","genus","Pétrel cul-blanc","Animalia","Chordata","Aves","Procellariiformes","Hydrobatidae","Hydrobates","Oceanodroma leucorhoa"
"Alca torda","Alca torda","species","Petit pingouin","Animalia","Chordata","Aves","Charadriiformes","Alcidae","Alca","Alca torda"
"Leucoraja garmani","Leucoraja garmani","species","Raie rosette","Animalia","Chordata","Chondrichthyes","Rajiformes","Rajidae","Leucoraja","Leucoraja garmani"
"Rostroraja eglanteria","Rostroraja","genus","","Animalia","Chordata","Elasmobranchii","Rajiformes","Rajidae","Raja","Raja eglanteria"
"Micropogonias undulatus","Micropogonias undulatus","species","Tambour brésilien","Animalia","Chordata","Teleostei","Perciformes","Sciaenidae","Micropogonias","Micropogonias undulatus"
"Morone saxatilis","Morone saxatilis","species","Bar rayé","Animalia","Chordata","Teleostei","Perciformes","Moronidae","Morone","Morone saxatilis"
"Cynoscion regalis","Cynoscion regalis","species","Acoupa royal","Animalia","Chordata","Teleostei","Perciformes","Sciaenidae","Cynoscion","Cynoscion regalis"
"Fundulus diaphanus","Fundulus diaphanus","species","Fondule barré","Animalia","Chordata","Teleostei","Cyprinodontiformes","Fundulidae","Fundulus","Fundulus diaphanus"
"Ammodytes americanus","Ammodytes americanus","species","Lançon d'amérique","Animalia","Chordata","Teleostei","Perciformes","Ammodytidae","Ammodytes","Ammodytes americanus"
"Stenotomus chrysops","Stenotomus chrysops","species","Spare doré","Animalia","Chordata","Teleostei","Perciformes","Sparidae","Stenotomus","Stenotomus chrysops"
"Lopholatilus chamaeleonticeps","Lopholatilus chamaeleonticeps","species","Tile chameau","Animalia","Chordata","Teleostei","Perciformes","Malacanthidae","Lopholatilus","Lopholatilus chamaeleonticeps"
"Centropristis striata","Centropristis striata","species","Fanfre noir","Animalia","Chordata","Teleostei","Perciformes","Serranidae","Centropristis","Centropristis striata"
"Sebastes fasciatus","Sebastes fasciatus","species","Sébaste acadien","Animalia","Chordata","Teleostei","Scorpaeniformes","Scorpaenidae","Sebastes","Sebastes fasciatus"
"Pomatomus saltatrix","Pomatomus saltatrix","species","Coupe-fil","Animalia","Chordata","Teleostei","Perciformes","Pomatomidae","Pomatomus","Pomatomus saltatrix"
"Pantherophis obsoletus","Pantherophis obsoletus","species","Serpent-ratier noir","Animalia","Chordata","Squamata","Squamata","Colubridae","Pantherophis","Pantherophis obsoletus"
"Pantherophis obsoletus obsoleta","Pantherophis obsoletus","species","Serpent-ratier noir","Animalia","Chordata","Squamata","Squamata","Colubridae","Pantherophis","Pantherophis obsoletus"
"Procyon lotor","Procyon lotor","species","Raton laveur","Animalia","Chordata","Mammalia","Carnivora","Procyonidae","Procyon","Procyon lotor"
"Clemmys insculpta","Glyptemys insculpta","species","Tortue des bois","Animalia","Chordata","Testudines","Testudines","Emydidae","Glyptemys","Glyptemys insculpta"
"Pseudacris maculata","Pseudacris maculata","species","Rainette faux-grillon boréale","Animalia","Chordata","Amphibia","Anura","Hylidae","Pseudacris","Pseudacris maculata"
"Eptesicus fuscus","Eptesicus fuscus","species","Grande chauve-souris brune","Animalia","Chordata","Mammalia","Chiroptera","Vespertilionidae","Eptesicus","Eptesicus fuscus"
"Lasiurus borealis","Lasiurus borealis","species","Chauve-souris rousse","Animalia","Chordata","Mammalia","Chiroptera","Vespertilionidae","Lasiurus","Lasiurus borealis"
"Lasiurus cinereus","Aeorestes cinereus","species","Chauve-souris cendrée","Animalia","Chordata","Mammalia","Chiroptera","Vespertilionidae","Aeorestes","Aeorestes cinereus"
"Prionace glauca","Prionace glauca","species","Requin bleu","Animalia","Chordata","Elasmobranchii","Carcharhiniformes","Carcharhinidae","Prionace","Prionace glauca"
"Lepisosteus oculatus","Lepisosteus oculatus","species","Lépisosté tacheté","Animalia","Chordata","Holostei","Lepisosteiformes","Lepisosteidae","Lepisosteus","Lepisosteus oculatus"
"Odobenus rosmarus rosmarus","Odobenus rosmarus rosmarus","subspecies","","Animalia","Chordata","Mammalia","Carnivora","Odobenidae","Odobenus","Odobenus rosmarus"
"Tamias minimus","Tamias minimus","species","Tamia mineur","Animalia","Chordata","Mammalia","Rodentia","Sciuridae","Tamias","Tamias minimus"
"Mustela erminea","Mustela erminea","species","Hermine","Animalia","Chordata","Mammalia","Carnivora","Mustelidae","Mustela","Mustela erminea"
"Lepomis gulosus","Lepomis gulosus","species","Crapet sac-à-lait","Animalia","Chordata","Teleostei","Perciformes","Centrarchidae","Lepomis","Lepomis gulosus"
"Noturus gyrinus","Noturus gyrinus","species","Chat-fou brun","Animalia","Chordata","Teleostei","Siluriformes","Ictaluridae","Noturus","Noturus gyrinus"
"Ameiurus natalis","Ameiurus natalis","species","Barbotte jaune","Animalia","Chordata","Teleostei","Siluriformes","Ictaluridae","Ameiurus","Ameiurus natalis"
"Ameiurus melas","Ameiurus melas","species","Barbotte noire","Animalia","Chordata","Teleostei","Siluriformes","Ictaluridae","Ameiurus","Ameiurus melas"
"Pimephales notatus","Pimephales notatus","species","Ventre-pourri","Animalia","Chordata","Teleostei","Cypriniformes","Cyprinidae","Pimephales","Pimephales notatus"
"Umbra limi","Umbra limi","species","Umbre de vase","Animalia","Chordata","Teleostei","Esociformes","Umbridae","Umbra","Umbra limi"
"Esox americanus","Esox americanus","species","Brochet d'amérique","Animalia","Chordata","Teleostei","Esociformes","Esocidae","Esox","Esox americanus"
"Myoxocephalus thompsonii","Myoxocephalus thompsonii","species","","Animalia","Chordata","Teleostei","Scorpaeniformes","Cottidae","Myoxocephalus","Myoxocephalus thompsonii"
"Gasterosteus wheatlandi","Gasterosteus","genus","","Animalia","Chordata","Teleostei","Gasterosteiformes","Gasterosteidae","Gasterosteus","Gasterosteus wheatlandi"
"Myoxocephalus aenaeus","Myoxocephalus aenaeus","species","Chaboisseau bronzé","Animalia","Chordata","Teleostei","Scorpaeniformes","Cottidae","Myoxocephalus","Myoxocephalus aenaeus"
"Pungitius pungitius","Pungitius pungitius","species","Épinoche à neuf épines","Animalia","Chordata","Teleostei","Gasterosteiformes","Gasterosteidae","Pungitius","Pungitius pungitius"
"Syngnathus fuscus","Syngnathus fuscus","species","Syngnathe brun","Animalia","Chordata","Teleostei","Syngnathiformes","Syngnathidae","Syngnathus","Syngnathus fuscus"
"Salvelinus fontinalis","Salvelinus fontinalis","species","Omble aurora","Animalia","Chordata","Teleostei","Salmoniformes","Salmonidae","Salvelinus","Salvelinus fontinalis"
"Stenella coeruleoalba","Stenella coeruleoalba","species","Dauphin bleu et blanc","Animalia","Chordata","Mammalia","Cetacea","Delphinidae","Stenella","Stenella coeruleoalba"
"Delphinus delphis","Delphinus delphis","species","Bec d'oie","Animalia","Chordata","Mammalia","Cetacea","Delphinidae","Delphinus","Delphinus delphis"
"Lagenorhynchus acutus","Lagenorhynchus acutus","species","Dauphin à flancs blancs","Animalia","Chordata","Mammalia","Cetacea","Delphinidae","Lagenorhynchus","Lagenorhynchus acutus"
"Globicephala melas","Globicephala melas","species","Globicéphale noir de l'atlantique","Animalia","Chordata","Mammalia","Cetacea","Delphinidae","Globicephala","Globicephala melas"
"Mesoplodon bidens","Mesoplodon bidens","species","Baleine à bec de sowerby","Animalia","Chordata","Mammalia","Cetacea","Hyperoodontidae","Mesoplodon","Mesoplodon bidens"
"Strix varia","Strix varia","species","Chouette rayée","Animalia","Chordata","Aves","Strigiformes","Strigidae","Strix","Strix varia"
"Aegolius acadicus","Aegolius acadicus","species","Petite nyctale","Animalia","Chordata","Aves","Strigiformes","Strigidae","Aegolius","Aegolius acadicus"
"Asio flammeus","Asio flammeus","species","Hibou des marais","Animalia","Chordata","Aves","Strigiformes","Strigidae","Asio","Asio flammeus"
"Bubo virginianus","Bubo virginianus","species","Grand-duc d'amérique","Animalia","Chordata","Aves","Strigiformes","Strigidae","Bubo","Bubo virginianus"
"Aegolius funereus","Aegolius funereus","species","Nyctale de tengmalm","Animalia","Chordata","Aves","Strigiformes","Strigidae","Aegolius","Aegolius funereus"
"Asio otus","Asio otus","species","Hibou moyen-duc","Animalia","Chordata","Aves","Strigiformes","Strigidae","Asio","Asio otus"
"Cyprinodon variegatus variegatus","Cyprinodon variegatus","species","","Animalia","Chordata","","Cyprinodontiformes","Cyprinodontidae","Cyprinodon","Cyprinodon variegatus"
"Cyprinodon variegatus","Cyprinodon variegatus","species","Pétote","Animalia","Chordata","Teleostei","Cyprinodontiformes","Cyprinodontidae","Cyprinodon","Cyprinodon variegatus"
"Fundulus heteroclitus heteroclitus","Fundulus heteroclitus","species","","Animalia","Chordata","","Cyprinodontiformes","Fundulidae","Fundulus","Fundulus heteroclitus"
